Workbook

Sheet 개요
F1: 문서 정보
F4: 프로젝트명 | G4: Smart Medical Diagnostic System (스마트 의료 진단 시스템)
F5: 최초작성일 | G5: 2025.11.05
F6: 시스템 목표 | G6: 의료기기 사고 예방 및 사고 발생 시 투명한 점검 기록을 통한 피해 구제 지원
F7: 작업 | G7: 사용자, 관리자, 주최자 요구사항 정의서
F8: 파일명 | G8: 요구사항정의서.xlsx

Sheet 개정이력
E1: 문서 개정이력
E4: No | F4: Version | G4: 작성일자 | H4: 변경사유 | I4: 변경내용 | J4: 작성자
E5: 1 | F5: 1 | G5: 45966 | H5: 초안작성 | I5: 요구사항정의서 초안 작성 | J5: 안준휘
E6: =SUM(E5,1) -> 2 | F6: =F5 + 0.1 -> 1.1 | G6: 45967 | H6: 상세작성 | I6: 요구사항정의서 상세 작성 | J6: 안준휘
E7: =SUM(E6,1) -> 3 | F7: =F6 + 0.1 -> 1.2 | G7: 45973 | H7: 기능별구분 | I7: 기능별 기능ID 및 요구사항ID 수정 | J7: 안준휘
E8: =SUM(E7,1) -> 4 | F8: =F7 + 0.1 -> 1.3 | G8: 45985 | H8: UM시트 수정 | I8: UM 등록,수정 관련 필수값 추가(시스템권한, 실무) | J8: 안준휘
E9: =SUM(E8,1) -> 5 | F9: =F8 + 0.1 -> 1.4 | G9: 45988 | H9: 시트 추가 | I9: MAIN, TEAM 시트 추가 | J9: 안준휘

Sheet MAIN
A1: =_xlfn.CONCAT("요구사항 정의서 (Ver ", MAX([1]개정이력!F$5:F$32), ")") -> 요구사항 정의서 (Ver 1.4)
A2: 시스템 명 | C2: SMDS | D2: 서브 시스템명 | F2: SMDS_MAIN
A3: 작성자 | C3: 안준휘 | D3: 최종 업데이트 | F3: =MAX([1]개정이력!G$5:G$32) -> 45988
A5: 요구사항 ID | B5: 구분 | C5: 작성일 | D5: 기능 ID | E5: 요구사항 | G5: 권한 구분 | H5: 필수 값 | I5: 선택 값 | J5: 기타
E6: 요구사항명 | F6: 세부 요구사항
A7: MAIN_001 | B7: 대시보드 | C7: =MAX([1]개정이력!G$5:G$32) -> 45988 | D7: MAIN_001_DASHBOARD_001 | E7: 점검 스케줄 | F7: 1. 기기 목록 - 금일 점검할 점검기기들을 출력 - 기기별 우측에 점검버튼 추가 - 해당 기기 점검이 금일 완료시, 점검버튼 비활성화, 점검완료로 표시 | G7: 점검자
C8: =MAX([1]개정이력!G$5:G$32) -> 45988 | D8: MAIN_001_DASHBOARD_002 | E8: 점검 현황 | F8: 1. 점검 현황 표시 - 점검주기별 점검 현황을 아래 내용처럼 테이블 형식으로 출력 - 일일 1) 딩일 등록된 점검 기록 수 2) 당일 완료된 점검 수 3) 미결/미처리 점검 건수 4) 긴급 조치 필요 건수 - 주간 1) 주간 점검 수행율 2) 전주 대비 수행 증감율 3) 주간 고장/결함 발생 건 수 4) 가장 많은 결함 발생 기기 5) 차주 점검 예정 기기 목록 - 월간 1) 월간 점검 총완료 건수 2) 월간 평균 점검 소요 시간 3) 점검 불이행/지연율 4) 점검 수행 건 수 5) 가장 많은 점검을 수행한 작업자 | G8: 운영자

Sheet TEAM
A1: =_xlfn.CONCAT("요구사항 정의서 (Ver ", MAX([1]개정이력!F$5:F$32), ")") -> 요구사항 정의서 (Ver 1.4)
A2: 시스템 명 | C2: SMDS | D2: 서브 시스템명 | F2: SMDS_MAIN
A3: 작성자 | C3: 안준휘 | D3: 최종 업데이트 | F3: =MAX([1]개정이력!G$5:G$32) -> 45988
A5: 요구사항 ID | B5: 구분 | C5: 작성일 | D5: 기능 ID | E5: 요구사항 | G5: 권한 구분 | H5: 필수 값 | I5: 선택 값 | J5: 기타
E6: 요구사항명 | F6: 세부 요구사항
A7: TEAM_001 | B7: 병원별 운영자 관리 | C7: =MAX([1]개정이력!G$5:G$32) -> 45988 | D7: TEAM_001__OPER_001 | E7: 병원별 운영자 목록 조회 | F7: 1. 목록 조회 - 병원에 소속된 운영자 별로 소속된 병원에 소속된 실무들을 조회 - 조회 목록 1) 순번 2) 실무명 | G7: 운영자
C8: =MAX([1]개정이력!G$5:G$32) -> 45988 | D8: TEAM_001__OPER_002 | E8: 병원별 실무 추가 | F8: 1. 실무 등록 - 병원에 소속된 운영자가 실무를 등록하여 추가 - 실무 등록 클릭시 아래 내용의 팝업이 출력 1) 실무명(INPUT창, 해당 병원의 실무명의 이름이 겹치지 않는지 중복확인) 2) 취소, 등록 버튼 추가 - 등록시 해당 운영자가 소속된 병원에 요청한 실무를 추가 | G8: 운영자 | H8: - 실무명
A9: TEAM_002 | B9: 병원 관리 | C9: =MAX([1]개정이력!G$5:G$32) -> 45988 | D9: TEAM_002_MANAGEMENT_001 | E9: 병원 등록 | F9: 1. 병원 등록 - 관리자만 병원을 등록할수있게 우측 상단에 병원등록 버튼 추가 - 등록 클릭시 아래 내용의 팝업창이 출력 1) 병원명(INPUT, 이름이 중복되지않는지 확인) 2) 취소, 등록 버튼 추가 - 등록시 병원을 추가 | G9: 관리자 | H9: -병원명 | I9: -연락처

Sheet UM
A1: =_xlfn.CONCAT("요구사항 정의서 (Ver ", MAX(개정이력!F$5:F$32), ")") -> 요구사항 정의서 (Ver 1.4)
A2: 시스템 명 | C2: SMDS | D2: 서브 시스템명 | F2: SMDS_UM(User Management)
A3: 작성자 | C3: 안준휘 | D3: 최종 업데이트 | F3: =MAX(개정이력!G$5:G$32) -> 45988
A5: 요구사항 ID | B5: 구분 | C5: 작성일 | D5: 기능 ID | E5: 요구사항 | G5: 권한 구분 | H5: 필수 값 | I5: 선택 값 | J5: 기타
E6: 요구사항명 | F6: 세부 요구사항
A7: UM_001 | B7: 사용자 조회 | C7: =MAX(개정이력!G$5:G$32) -> 45988 | D7: UM_001_LIST_001 | E7: 사용자 목록 조회 | F7: 1. 목록 조회 - 테이블 또는 리스트 형식으로 배치 - 조회목록 위에 "사용자 목록" 표기 - 사용자 목록(식별 코드, 이름, 소속병원, 시스템권한) 조회 - 페이지네이션 적용 - 사용자별 식별코드 클릭시 해당 사용자 상세정보 조회화면 출력(팝업창) - 등록 버튼은 검색버튼보다 상단에 배치 | G7: 관리자, 운영자
C8: =MAX(개정이력!G$5:G$32) -> 45988 | D8: UM_001_LIST_002 | E8: 사용자 검색 | F8: 1. 검색별 필터링 조건 - 검색할 화면, 검색버튼 조회 목록 위에 같은 행으로 배치 - 식별코드, 이름은 INPUT박스로 구성(기본값: 빈값) - 소속은 선택박스로 구성(기본값: 전체) - 따로 필터링을 하지 않았을시 목록은 전체 목록을 조회 - 검색별 필터링 조건은 AND조건이 아닌 OR 조건으로 필터링 - 검색 버튼 클릭시 해당 조건에 맞는 목록들만 출력 | G8: 관리자, 운영자 | I8: - 식별 코드 - 이름 - 소속
A9: UM_002 | B9: 사용자 관리 | C9: =MAX(개정이력!G$5:G$32) -> 45988 | D9: UM_002_MANAGEMENT_001 | E9: 사용자 등록 | F9: 1. 등록 화면 - 등록 버튼 클릭시 등록 팝업창을 출력 - 하위 번호별로 등록 팝업창에 출력 1) 얼굴사진(사진업로드 등록필드) 2) 사용자 로그인 ID (INPUT, 중복확인) 3) 사용자 로그인 패스워드(INPUT, 특수문자 포함 8글자 이상,마스킹 처리) 4) 이름(INPUT) 5) 소속병원(선택박스) 6) 시스템 권한 7) 실무 8) 연락처(INPUT) - 왼쪽 닫기 버튼, 오른쪽 등록 버튼 구성 2. 등록 확인 - 등록 클릭 시 위 내용(연락처 제외)를 모두 입력 했는지 확인 - 입력값이 다 있을 경우(AND 조건) 1) DB에 입력한 목록 반영(CREATE, 패스워드, 주민번호 뒷자리 암호화) 2) "등록이 완료되었습니다." 팝업창 노출 2) "확인 버튼" 클릭시 팝업창이 모두 종료 3) 등록한 목록 DB에 바로 반영 4) 등록한 목록 바로 조회목록에 출력 가능(READ) - 입력값이 하나라도 없을 경우(OR조건) 1) "내용을 모두 입력해주세요" 팝업 표시 2) 팝업 아래 확인 클릭시 입력값 안한곳 아래 빨간글자로 "입력을 안했습니다."표기 | G9: 관리자, 운영자 | H9: - 로그인 ID - 로그인 패스워드(암호화) - 이름 - 소속병원 - 시스템권한 - 실무 - 얼굴사진 | I9: -연락처
C10: =MAX(개정이력!G$5:G$32) -> 45988 | D10: UM_002_MANAGEMENT_002 | E10: 사용자 상세조회 | F10: 1. 상세 조회 화면(팝업창) - 사용자별 식별 코드 클릭시 해당 사용자정보 상세 화면 출력 - 하위 번호 별로 확인하려는 사용자 상세 팝업창 출력 1) 얼굴사진(활성화) 2) 사용자 로그인 ID (비활성화) 3) 사용자 로그인 패스워드(활성화, 유효성 검사) 4) 이름(활성화) 5) 소속병원(활성화) 6) 시스템권한(활성화) 7) 실무(활설화) 8) 연락처(활성화) - 왼쪽 닫기 버튼, 중앙 수정버튼 , 오른쪽 삭제버튼 구성 | G10: 관리자, 운영자
C11: =MAX(개정이력!G$5:G$32) -> 45988 | D11: UM_002_MANAGEMENT_003 | E11: 사용자 수정 | F11: 1. 수정 클릭 - 수정 클릭시 위 내용(연락처 제외)를 모두 입력했는지 확인 - 입력값이 다 있고, 기존 내용을 수정한 경우(AND조건) 1) DB에 수정한 목록 반영(UPDATE) 2) "수정이 완료되었습니다." 팝업창 노출 3) "확인 버튼" 클릭시 팝업창이 모두 종료 4) 수정 목록 바로 조회 목록에 반영(READ) - 입력값이 없거나, 수정한 값이 없을경우(OR조건) 1) "내용을 모두 입력해주세요" 또는 "수정한 값이 없습니다." 팝업창 표시 | G11: 관리자, 운영자 | H11: - 로그인 패스워드(암호화) - 이름 - 소속병원 - 시스템권한 - 실무 - 얼굴사진 | I11: -연락처
C12: =MAX(개정이력!G$5:G$32) -> 45988 | D12: UM_002_MANAGEMENT_004 | E12: 사용자 삭제 | F12: 1. 삭제 클릭 - "정말로 삭제하시겠습니까?\n 삭제 시 회원 정보가 삭제됩니다." 라는 메시지 표시 - "확인" 버튼 클릭시 회원 정보 삭제(DELETE) - 이후 "회원 정보가 삭제되었습니다." 팝업 표시 - 이후 삭제된 회원정보는 UI에 반영(READ) | G12: 관리자, 운영자
A13: UM_003 | B13: 사용자 조직도 | C13: =MAX(개정이력!G$5:G$32) -> 45988 | D13: UM_003_GROUP_001 | E13: 사용자 조직도 | F13: 1. 화면 구성 - 최상위 조직 : 병원(사용자가 속한 병원) - 중간 조직(실무조직) : 사용자가 속한 실무 담당 - 하위 : 시스템 내에서 사용자의 역할 | G13: 사용자

Sheet DM
A1: =_xlfn.CONCAT("요구사항 정의서 (Ver ", MAX(개정이력!F$5:F$32), ")") -> 요구사항 정의서 (Ver 1.4)
A2: 시스템 명 | C2: SMDS | D2: 서브 시스템명 | F2: SMDS_DM(Device Management)
A3: 작성자 | C3: 안준휘 | D3: 최종 업데이트 | F3: =MAX(개정이력!G$5:G$32) -> 45988
A5: 요구사항 ID | B5: 구분 | C5: 작성일 | D5: 기능 ID | E5: 요구사항 | G5: 권한 구분 | H5: 필수 값 | I5: 선택 값 | J5: 기타
E6: 요구사항명 | F6: 세부 요구사항
A7: DM_001 | B7: 의료기기 조회 | C7: =MAX(개정이력!G$5:G$32) -> 45988 | D7: DM_001_LIST_001 | E7: 의료기기 목록 조회 | F7: 1. 목록 조회 - 테이블 또는 리스트 형식으로 배치 - 조회목록 위에 "의료기기 목록" 표기 - 의료기기 목록(식별코드, 의료기기명, 소속병원, 점검주기, 점검목록) 조회 - 페이지네이션 적용 - 의료기기별 기기번호 클릭시 해당 의료기기 상세정보 조회화면 출력(팝업창) 2. 운영팀 - 자신의 조직에서 등록한 목록들만 조회 3. 점검팀 - 자신의 소속팀이 점검할 목록들만 조회 | G7: 사용자
C8: =MAX(개정이력!G$5:G$32) -> 45988 | D8: DM_001_LIST_002 | E8: 의료기기 검색 | F8: 1. 검색별 필터링 조건 - 검색할 화면, 검색버튼 조회 목록 위에 같은 행으로 배치 - 기기명(INPUT, 기본값: 기기명), 소속병원(드롭박스, 기본값 : 병원선택)로 구성 - 점검주기은 선택박스로 구성(기본값: 전체) - 따로 필터링을 하지 않았을시 목록은 전체 목록을 조회 - 검색별 필터링 조건은 AND조건이 아닌 OR 조건으로 필터링 - 검색 버튼 클릭시 해당 조건에 맞는 목록들만 출력 | G8: 사용자 | I8: - 식별코드 - 의료기기명 - 점검주기
A9: DM_002 | B9: 의료기기 관리 | C9: =MAX(개정이력!G$5:G$32) -> 45988 | D9: DM_002_MANAGEMENT_001 | E9: 의료기기 등록 | F9: 1. 등록 화면 - 등록 버튼 클릭시 등록 팝업창을 출력 - 하위 번호별로 등록 팝업창에 출력 1) 기기명(INPUT) 2) 소속병원(INPUT, 비활성, 운영자가 소속된 병원으로 자동기입) 3) 점검주기(드롭박스) - 왼쪽 닫기 버튼, 오른쪽 등록 버튼 구성 2. 등록 확인 - 등록 클릭 시 위 내용을 모두 입력 했는지 확인 - 입력값이 다 있을 경우(AND 조건) 1) DB에 입력한 목록 반영(CREATE) 2) "등록이 완료되었습니다." 팝업창 노출 3) "확인 버튼" 클릭시 팝업창이 모두 종료 4) 등록한 목록 DB에 바로 반영 5) 등록한 목록 바로 조회목록에 출력 가능(READ) - 입력값이 하나라도 없을 경우(OR조건) 1) "내용을 모두 입력해주세요" 팝업 표시 2) 팝업 아래 확인 클릭시 입력값 안한곳 아래 빨간글자로 "입력을 안했습니다." 표기 | G9: 관리자 운영자 | H9: - 의료기기명 - 소속병원 | I9: - 점검주기
C10: =MAX(개정이력!G$5:G$32) -> 45988 | D10: DM_002_MANAGEMENT_002 | E10: 의료기기 상세조회 | F10: 1. 의료기기 번호 클릭시 상세 팝업창 출력 2. 하기 내용 순서대로 행 별로 출력 - 사진 - 기기명 - 소속병원 - 점검주기 3. 왼쪽 닫기, 중앙 수정, 오른쪽 딛기 버튼 출력 | G10: 관리자 운영자 점검자
C11: =MAX(개정이력!G$5:G$32) -> 45988 | D11: DM_002_MANAGEMENT_003 | E11: 의료기기 수정 | F11: 1. 수정 클릭 - 수정 클릭시 상세화면의 내용을 모두 입력했는지 확인 - 입력값이 다 있고, 기존 내용을 수정한 경우(AND조건) 1) DB에 수정한 목록 반영(UPDATE) 2) "수정이 완료되었습니다." 팝업창 노출 3) "확인 버튼" 클릭시 팝업창이 모두 종료 4) 수정 목록 바로 조회 목록에 반영(READ) - 입력값이 없거나, 수정한 값이 없을경우(OR조건) 1) "내용을 모두 입력해주세요" 또는 "수정한 값이 없습니다." 팝업창 표시 | G11: 관리자 운영자 | H11: - 의료기기명 - 소속병원 | I11: - 점검주기
C12: =MAX(개정이력!G$5:G$32) -> 45988 | D12: DM_002_MANAGEMENT_004 | E12: 의료기기 삭제 | F12: 1. 삭제 클릭 - "정말로 삭제하시겠습니까?\n 삭제 시 해당 의료기기 정보가 삭제됩니다." 라는 메시지 표시 - "확인" 버튼 클릭시 해당 의료기기 정보 삭제(DELETE) - 이후 "해당 의료기기 정보가 삭제되었습니다." 팝업 표시 - 이후 삭제된 해당 의료기기 정보는 UI에 반영(READ) | G12: 관리자 운영자

Sheet DI
A1: =_xlfn.CONCAT("요구사항 정의서 (Ver ", MAX(개정이력!F$5:F$32), ")") -> 요구사항 정의서 (Ver 1.4)
A2: 시스템 명 | C2: SMDS | D2: 서브 시스템명 | F2: SMDS_DI(Device Inspection)
A3: 작성자 | C3: 안준휘 | D3: 최종 업데이트 | F3: =MAX(개정이력!G$5:G$32) -> 45988
A5: 요구사항 ID | B5: 구분 | C5: 작성일 | D5: 기능 ID | E5: 요구사항 | G5: 권한 구분 | H5: 필수 값 | I5: 선택 값 | J5: 기타
E6: 요구사항명 | F6: 세부 요구사항
A7: DI_001 | B7: 의료기기 점검 목록 | C7: =MAX(개정이력!G$5:G$32) -> 45988 | D7: DI_001_LIST_001 | E7: 의료기기 점검 일지 목록 | F7: 1. 의료기기별 목록 우측에 점검버튼클릭 - 점검자인 경우(점검을 안했을 경우에만) : 점검 사이트로 이동 - 점검자가 아닌 경우 : 점검일지 사이트(2번항목)로 이동 2. 해당 의료기기 점검일지 사이트로 이동(페이지 이동) 3. 상단 제목을 "점검내역" 또는 "점검목록" 4. 제목 아래에 왼쪽부터 나열(최신순) - 번호 - 날짜 - 제목(제품명+점검내역 -> 클릭시 세부 점검 내용으로 이동) 5. 제목 우측에 "점검" 버튼 추가 | G7: 해당 의료기기 운영자 및 점검자
A8: DI_002 | B8: 의료기기 점검 | C8: =MAX(개정이력!G$5:G$32) -> 45988 | D8: DI_002_INSPECTION_001 | E8: 의료기기 점검 | F8: 1. 점검의료기기(드롭 다운,비활성화, 해당 의료기기 자동 입력) 2. 작성자(INPUT, 비활성화, 자동입력) 3. 담당 실무(드롭다운, 비활성화, 자동입력) 4. 주기(INPUT,비활성화 상태, 자동입력) 5. 점검항목(드롭박스 형태) 6. 점검 날짜(INPUT, 기본값 : 당일날짜) 7. 이미지 첨부 8. 점검항목(드롭박스 형태) 9. 점검상태(드롭박스 형태) 10. 조치항목(드롭박스 형태) 11. 조치내용(INPUT Area) 12. 맨아래에 Back,Save 버튼 추가 13. Save누르면 내용 DB에 반영(Create) 14. 이후 해당 점검일지 사이트로 이동(Read) | G8: 해당 의료기기 점검자 | H8: - 점검의료기기 - 작성자 - 작성자의실무 - 점검점검주기 - 점검항목 - 점검날짜(기본값:당일날짜) - 이미지 - 점검상태 - 조치항목 - 조치내용

Sheet USER
A1: =_xlfn.CONCAT("요구사항 정의서 (Ver ", MAX(개정이력!F$5:F$32), ")") -> 요구사항 정의서 (Ver 1.4)
A2: 시스템 명 | C2: EXERCISE | D2: 서브 시스템명 | F2: SYSTEM_USER
A3: 작성자 | C3: 안준휘 | D3: 최종 업데이트 | F3: =MAX(개정이력!G$5:G$32) -> 45988
A5: 요구사항 ID | B5: 구분 | C5: 작성일 | D5: 기능 ID | E5: 요구사항 | G5: 권한 구분 | H5: 필수 값 | I5: 선택 값 | J5: 기타
E6: 요구사항명 | F6: 세부 요구사항
A7: USER_001 | B7: 로그인 | C7: =MAX(개정이력!G$5:G$32) -> 45988 | D7: USER_001_LOGIN_001 | E7: 로그인 | F7: 1. 비밀번호 입력시 마스킹 처리 2. 실패시 팝업창에 "아이디 또는 비밀번호를 잘못 입력하였습니다." 메시지 표시 3. 세션관리(JWT 도는 서버 세션)으로 보안 강화 | G7: 비회원 | H7: - 아이디 - 비밀번호
